model,count,bleu,structural,pixel
claude,32,0.3440551265631587,0.7845763698046151,0.4787212939288084
gpt4,32,0.32877087577573777,0.7907683325835428,0.5628001461958811
