model,record,bleu,structural,pixel
claude,15.5,0.27664769254330596,0.6321753830829614,0.47854848184486987
gpt4,15.5,0.33536514781411736,0.8230652871792851,0.5699325471522343
